status,life_expectancy,adult_mortality,infant_deaths,alcohol,percentage_expenditure,hepatitis_b,measles,bmi,under-five_deaths,polio,total_expenditure,diphtheria,hiv/aids,thinness_1-19_years,schooling,year_trend
Least_developed,65.0,263.0,62,0.01,71.27962362,65.0,1154,19.1,83,6.0,8.16,65.0,0.1,17.2,10.1,16
Least_developed,59.9,271.0,64,0.01,73.52358168,62.0,492,18.6,86,58.0,8.18,62.0,0.1,17.5,10.0,15
Least_developed,59.9,268.0,66,0.01,73.21924272,64.0,430,18.1,89,62.0,8.13,64.0,0.1,17.7,9.9,14
Least_developed,59.5,272.0,69,0.01,78.18421529999999,67.0,2787,17.6,93,67.0,8.52,67.0,0.1,17.9,9.8,13
Least_developed,59.2,275.0,71,0.01,7.097108703,68.0,3013,17.2,97,68.0,7.87,68.0,0.1,18.2,9.5,12
Least_developed,58.8,279.0,74,0.01,79.67936736,66.0,1989,16.7,102,66.0,9.2,66.0,0.1,18.4,9.2,11
Least_developed,58.6,281.0,77,0.01,56.76221682,63.0,2861,16.2,106,63.0,9.42,63.0,0.1,18.6,8.9,10
Least_developed,58.1,287.0,80,0.03,25.87392536,64.0,1599,15.7,110,64.0,8.33,64.0,0.1,18.8,8.7,9
Least_developed,57.5,295.0,82,0.02,10.91015598,63.0,1141,15.2,113,63.0,6.73,63.0,0.1,19.0,8.4,8
Least_developed,57.3,295.0,84,0.03,17.17151751,64.0,1990,14.7,116,58.0,7.43,58.0,0.1,19.2,8.1,7
Least_developed,57.3,291.0,85,0.02,1.388647732,66.0,1296,14.2,118,58.0,8.7,58.0,0.1,19.3,7.9,6
Least_developed,57.0,293.0,87,0.02,15.29606643,67.0,466,13.8,120,5.0,8.79,5.0,0.1,19.5,6.8,5
Least_developed,56.7,295.0,87,0.01,11.08905273,65.0,798,13.4,122,41.0,8.82,41.0,0.1,19.7,6.5,4
Least_developed,56.2,3.0,88,0.01,16.88735091,64.0,2486,13.0,122,36.0,7.76,36.0,0.1,19.9,6.2,3
Least_developed,55.3,316.0,88,0.01,10.5747282,63.0,8762,12.6,122,35.0,7.8,33.0,0.1,2.1,5.9,2
Least_developed,54.8,321.0,88,0.01,10.42496,62.0,6532,12.2,122,24.0,8.2,24.0,0.1,2.3,5.5,1
Least_developed,52.4,335.0,66,5.740666666666666,0.0,64.0,118,23.3,98,7.0,3.9193333333333342,64.0,1.9,8.3,11.4,16
Least_developed,51.7,348.0,67,8.33,23.965612,64.0,11699,22.7,101,68.0,3.31,64.0,2.0,8.5,11.4,15
Least_developed,51.1,355.0,69,8.1,35.95857279,77.0,8523,22.1,105,67.0,4.26,77.0,2.3,8.6,11.4,14
Least_developed,56.0,358.0,72,8.24,256.1225243,75.0,4458,21.5,110,75.0,3.3,75.0,2.6,8.8,10.3,13
Least_developed,51.0,361.0,75,8.06,239.89139210000002,72.0,1449,21.0,115,73.0,3.38,71.0,2.5,8.9,9.4,12
Least_developed,49.6,365.0,78,7.8,191.6537407,77.0,1190,2.4,121,81.0,3.39,77.0,2.5,9.1,9.0,11
Least_developed,49.1,369.0,81,7.01,212.92293250000003,61.0,2807,19.8,127,63.0,4.37,6.0,2.5,9.3,8.5,10
Least_developed,48.7,371.0,84,7.07,249.9101958,69.0,265,19.3,133,65.0,3.84,69.0,2.6,9.5,8.1,9
Least_developed,48.2,375.0,87,6.35,184.8213446,73.0,1014,18.8,138,75.0,3.38,73.0,2.6,9.6,7.7,8
Least_developed,47.7,381.0,90,5.84,25.08688824,70.22222222222223,765,18.2,143,36.0,4.54,34.0,2.5,9.8,7.2,7
Least_developed,47.4,382.0,92,5.04,98.19145117,70.22222222222221,258,17.7,148,39.0,4.1,38.0,2.6,1.0,6.8,6
Least_developed,47.1,386.0,94,3.53,8.8667775,70.22222222222221,29,17.2,152,4.0,4.71,4.0,2.5,1.2,6.4,5
Least_developed,46.8,388.0,95,3.49,35.93349121,70.22222222222221,1196,16.8,155,4.0,4.41,4.0,2.4,1.4,5.9,4
Least_developed,46.5,391.0,96,2.82,24.037942,70.2222222222222,11945,16.3,157,37.0,3.63,41.0,2.3,1.5,5.5,3
Least_developed,45.7,44.0,97,2.58,30.35993647,70.2222222222222,9046,15.8,159,41.0,5.38,38.0,2.1,1.7,5.1,2
Least_developed,45.3,48.0,97,1.85,15.88149254,70.2222222222222,2219,15.4,160,3.0,2.79,28.0,2.0,1.9,4.6,1
Least_developed,71.8,129.0,92,0.01,0.0,97.0,240,18.3,113,97.0,2.8546666666666662,97.0,0.1,17.9,10.2,16
Least_developed,71.4,132.0,98,0.01,10.44640334,97.0,289,17.7,121,97.0,2.82,97.0,0.1,18.1,10.0,15
Least_developed,71.0,135.0,104,0.01,52.82986467,96.0,237,17.0,130,96.0,2.88,96.0,0.1,18.3,10.0,14
Least_developed,77.0,137.0,111,0.01,59.2589257,94.0,1986,16.4,139,94.0,3.8,94.0,0.1,18.5,9.9,13
Least_developed,73.0,14.0,118,0.01,62.34988484,96.0,5625,15.8,150,96.0,3.16,96.0,0.1,18.7,9.4,12
Least_developed,69.9,142.0,126,0.01,62.65945432,94.0,788,15.2,161,94.0,3.6,94.0,0.1,18.9,8.9,11
Least_developed,69.5,144.0,135,0.01,53.26400378,97.0,718,14.6,173,97.0,2.91,97.0,0.1,19.1,8.4,10
Least_developed,69.1,147.0,144,0.01,42.48865034,96.0,2660,14.0,186,96.0,2.85,96.0,0.1,19.3,8.6,9
Least_developed,68.6,151.0,154,0.01,46.36536703,95.0,2924,13.5,201,96.0,2.8,94.0,0.1,19.5,8.6,8
Least_developed,68.2,152.0,164,0.01,42.3304549,86.0,6192,13.0,215,95.0,2.8,94.0,0.1,19.7,8.4,7
Least_developed,67.8,155.0,174,0.01,38.05462002,45.0,25934,12.5,231,94.0,2.68,93.0,0.1,19.9,8.2,6
Least_developed,67.3,158.0,185,0.01,4.11469667,11.0,9743,12.0,247,88.0,2.62,99.0,0.1,2.1,8.1,5
Least_developed,66.8,161.0,196,0.01,35.48458957,5.0,4067,11.6,264,9.0,2.51,87.0,0.1,2.3,7.9,4
Least_developed,66.3,164.0,207,0.01,0.397228764,77.61538461538461,3484,11.2,280,83.0,2.59,83.0,0.1,2.5,7.7,3
Least_developed,65.8,168.0,219,0.01,3.395069781,77.61538461538461,4414,1.8,298,85.0,2.47,85.0,0.1,2.7,7.5,2
Least_developed,65.3,173.0,231,0.01,3.69633051,77.6153846153846,5098,1.4,316,83.0,2.33,82.0,0.1,2.9,7.3,1
Least_developed,60.0,249.0,25,1.0,0.0,82.0,55,25.7,39,78.0,4.636,82.0,1.0,6.9,10.7,16
Least_developed,59.7,252.0,25,0.01,90.12206791,78.0,786,25.2,39,74.0,4.59,78.0,1.1,7.1,10.7,15
Least_developed,59.5,251.0,25,0.01,87.40804229999999,77.0,637,24.6,39,73.0,4.59,77.0,1.2,7.2,10.3,14
Least_developed,59.3,251.0,25,0.01,9.80407467,8.0,288,24.1,39,8.0,4.86,8.0,1.3,7.4,10.0,13
Least_developed,59.1,251.0,25,1.4,110.26336189999999,75.0,426,23.5,39,77.0,5.37,75.0,1.4,7.6,9.8,12
Least_developed,58.7,254.0,25,1.33,94.25737917,76.0,392,23.0,39,77.0,4.95,76.0,1.4,7.8,9.5,11
Least_developed,58.4,259.0,25,1.16,71.01399249,79.0,1461,22.5,39,8.0,4.46,79.0,1.6,7.9,9.3,10
Least_developed,57.6,278.0,25,1.28,7.615430126000001,75.0,928,22.0,39,77.0,4.2,75.0,1.8,8.1,9.1,9
Least_developed,57.1,283.0,25,1.12,7.49281752,82.0,341,21.5,39,82.0,4.55,82.0,2.0,8.3,8.9,8
Least_developed,56.8,284.0,25,1.19,75.91429496,74.0,176,21.0,39,76.0,4.75,74.0,2.0,8.5,8.7,7
Least_developed,56.5,285.0,25,1.13,7.106997355,7.0,210,2.5,39,73.0,4.73,7.0,2.1,8.7,8.5,6
Least_developed,56.1,285.0,25,1.15,10.73628066,75.0,262,2.1,39,74.0,4.56,72.0,2.1,8.9,8.1,5
Least_developed,55.8,285.0,25,1.35,8.931827297,73.0,217,19.7,40,75.0,4.63,73.0,2.1,9.1,7.7,4
Least_developed,55.6,283.0,25,1.23,40.48815233,15.0,1588,19.2,40,76.0,4.27,75.0,2.1,9.3,7.3,3
Least_developed,55.5,281.0,25,1.29,45.33476384,62.57142857142857,5859,18.8,40,77.0,4.69,76.0,2.1,9.5,6.6,2
Least_developed,55.4,279.0,25,1.34,37.38182018,62.57142857142857,4244,18.4,40,78.0,4.34,78.0,2.0,9.7,6.4,1
Least_developed,69.8,211.0,0,0.2786666666666667,0.0,99.0,11,24.5,0,98.0,5.346,99.0,0.5,15.4,12.5,16
Least_developed,69.4,216.0,0,0.01,209.3921344,99.0,0,23.6,1,98.0,3.57,99.0,0.5,15.7,12.5,15
Least_developed,69.1,219.0,0,0.01,19.79057439,97.0,0,22.7,1,97.0,3.83,97.0,0.6,15.9,12.6,14
Least_developed,68.7,223.0,0,0.01,188.7373664,97.0,1,21.9,1,97.0,3.7,97.0,0.6,16.1,12.3,13
Least_developed,68.3,225.0,0,0.23,289.8524057,95.0,10,21.1,1,95.0,4.73,95.0,0.5,16.3,11.9,12
Least_developed,67.9,228.0,1,0.28,244.0391949,91.0,21,2.3,1,92.0,5.17,91.0,0.5,16.6,11.4,11
Least_developed,67.4,232.0,1,0.17,27.48907048,93.0,6,19.5,1,93.0,6.3,93.0,0.4,16.8,10.9,10
Least_developed,67.0,234.0,1,0.21,302.667579,96.0,7,18.8,1,96.0,6.58,96.0,0.4,17.1,10.5,9
Least_developed,66.5,238.0,1,0.16,283.806236,95.0,11,18.0,1,93.0,5.88,95.0,0.3,17.3,10.1,8
Least_developed,65.8,245.0,1,0.29,169.2023968,95.0,2,17.4,1,96.0,5.27,95.0,0.3,17.5,9.6,7
Least_developed,65.0,254.0,1,0.73,145.5965445,95.0,11,16.7,1,95.0,5.28,95.0,0.3,17.8,9.2,6
Least_developed,64.2,263.0,1,0.96,2.586698228,89.0,3,16.1,1,9.0,4.41,89.0,0.3,18.0,8.8,5
Least_developed,63.3,273.0,1,0.52,19.15664091,95.0,0,15.5,1,96.0,4.9,95.0,0.2,18.3,8.4,4
Least_developed,62.5,282.0,1,0.29,151.97551930000003,83.0,27,14.9,1,89.0,7.75,86.0,0.1,18.6,8.0,3
Least_developed,61.7,29.0,1,0.14,8.574029812000001,89.0,756,14.4,1,88.0,5.91,88.0,0.1,18.9,7.6,2
Least_developed,62.0,312.0,1,0.17,93.35872844,98.0,418,13.9,1,98.0,6.91,92.0,0.1,19.2,7.3,1
Least_developed,59.6,288.0,21,4.103333333333334,0.0,94.0,9,18.7,31,94.0,7.089333333333333,94.0,0.7,7.3,10.6,16
Least_developed,59.1,297.0,22,0.01,41.25159038,95.0,0,18.2,32,95.0,7.54,95.0,0.7,7.4,10.6,15
Least_developed,58.6,33.0,22,0.01,40.15128458,96.0,0,17.6,32,96.0,8.3,96.0,1.0,7.4,10.5,14
Least_developed,58.0,312.0,22,0.01,38.73170505,96.0,49,17.1,33,96.0,8.21,96.0,1.2,7.5,10.3,13
Least_developed,57.4,321.0,22,4.16,3.595980333,96.0,129,16.6,33,95.0,8.58,96.0,1.5,7.6,9.9,12
Least_developed,56.8,33.0,23,4.16,31.14187566,96.0,495,16.1,34,94.0,8.82,96.0,1.9,7.7,9.3,11
Least_developed,56.2,338.0,23,4.05,2.030494673,94.0,305,15.7,34,96.0,6.96,94.0,2.4,7.8,8.6,10
Least_developed,55.3,35.0,23,4.33,15.99415192,92.0,173,15.2,35,89.0,7.86,92.0,2.9,7.9,7.9,9
Least_developed,54.8,355.0,24,4.54,1.72659515,99.0,43,14.8,36,93.0,1.3,99.0,3.4,8.0,7.2,8
Least_developed,54.1,361.0,24,4.5,21.24915339,92.0,784,14.5,36,88.0,11.49,92.0,3.8,8.1,5.9,7
Least_developed,53.4,369.0,24,5.54,1.7474409480000002,87.0,0,14.1,37,82.0,9.84,87.0,4.3,8.2,5.6,6
Least_developed,52.6,378.0,24,5.72,11.22655347,83.0,2,13.8,38,76.0,7.1,83.0,4.8,8.4,5.2,5
Least_developed,51.9,387.0,24,5.84,6.545263633999999,93.33333333333333,224,13.5,38,75.0,5.25,82.0,5.1,8.5,4.7,4
Least_developed,51.5,387.0,24,5.98,9.660010196,93.33333333333333,1016,13.3,39,74.0,5.15,81.0,5.2,8.7,4.4,3
Least_developed,51.3,385.0,25,6.09,10.61917585,93.33333333333333,0,13.0,40,72.0,4.96,81.0,5.3,8.8,4.5,2
Least_developed,58.0,386.0,25,6.61,9.696689164,93.33333333333331,18363,12.8,41,71.0,4.98,8.0,5.2,9.0,4.5,1
Least_developed,68.7,174.0,10,1.4860000000000002,0.0,89.0,0,19.6,12,87.0,5.740666666666668,89.0,0.2,1.9,10.9,16
Least_developed,68.3,179.0,11,0.01,12.17952064,88.0,0,18.9,12,87.0,5.68,88.0,0.2,1.9,10.9,15
Least_developed,67.8,183.0,11,0.01,8.758214537999999,83.0,0,18.2,13,66.0,5.93,83.0,0.2,11.0,10.8,14
Least_developed,67.4,186.0,12,0.01,6.914723982999999,86.0,15,17.6,14,84.0,6.24,86.0,0.3,11.0,10.7,13
Least_developed,67.0,19.0,13,2.12,60.18591771,88.0,722,17.0,15,87.0,5.64,88.0,0.3,11.0,10.7,12
Least_developed,66.6,192.0,14,2.2,56.88416481,89.0,1156,16.4,16,88.0,5.95,89.0,0.5,11.0,10.6,11
Least_developed,66.1,195.0,15,2.13,48.35423978,92.0,4779,15.9,17,95.0,6.36,94.0,0.6,11.1,10.5,10
Least_developed,65.6,199.0,16,2.24,53.10009046,91.0,4211,15.3,18,91.0,5.55,91.0,0.7,11.2,10.5,9
Least_developed,65.0,24.0,16,2.08,57.73516711,82.0,394,14.8,20,82.0,3.75,82.0,0.9,11.3,10.3,8
Least_developed,64.1,216.0,17,2.03,51.50447119,8.0,188,14.3,21,8.0,4.48,8.0,1.1,11.4,10.1,7
Least_developed,62.9,234.0,18,1.99,62.21817261,79.6,264,13.9,22,82.0,5.84,82.0,1.4,11.5,10.0,6
Least_developed,61.5,253.0,19,1.38,8.38611924,79.60000000000001,352,13.5,24,86.0,6.43,85.0,1.7,11.6,9.7,5
Least_developed,63.0,268.0,21,1.44,55.59543946,79.60000000000001,653,13.1,26,69.0,6.74,69.0,1.9,11.6,9.3,4
Least_developed,59.3,273.0,23,1.43,30.91060554,79.6,1361,12.8,29,54.0,5.95,54.0,2.1,11.6,8.2,3
Least_developed,58.5,273.0,25,1.71,27.68971051,79.6,3761,12.4,33,59.0,5.7,6.0,2.2,11.6,7.6,2
Least_developed,57.7,274.0,27,1.51,0.328418056,79.59999999999998,12237,12.1,36,62.0,5.87,59.0,2.1,11.6,7.2,1
Least_developed,53.1,356.0,46,0.41133333333333333,0.0,46.0,418,19.1,77,52.0,4.379333333333333,46.0,2.8,8.5,7.3,16
Least_developed,52.6,362.0,46,0.01,11.3020668,37.0,1275,18.7,78,44.0,3.62,37.0,2.9,8.7,7.3,15
Least_developed,52.2,366.0,46,0.64,76.52382535,39.0,226,18.2,78,46.0,3.42,39.0,3.1,8.8,7.3,14
Least_developed,51.8,367.0,46,0.62,57.8242709,4.0,120,17.9,79,51.0,3.0,4.0,3.6,9.0,7.3,13
Least_developed,51.6,365.0,46,0.56,67.76269089,33.0,8650,17.5,79,4.0,3.17,33.0,3.9,9.2,6.7,12
Least_developed,51.2,364.0,46,0.5,43.57328908,39.0,194,17.1,80,43.0,2.95,39.0,4.1,9.4,6.7,11
Least_developed,57.0,37.0,46,0.47,4.982900401,24.0,165,16.7,80,32.0,3.31,24.0,4.4,9.6,6.3,10
Least_developed,49.6,394.0,46,0.45,49.09198224,17.0,63,16.4,80,3.0,2.92,19.0,4.7,9.8,6.0,9
Least_developed,49.4,394.0,46,0.42,5.9629235320000005,29.875,441,16.1,80,38.0,3.35,28.0,4.9,1.0,5.7,8
Least_developed,48.5,414.0,45,0.41,62.67225971,29.875,1594,15.7,80,49.0,3.32,4.0,5.1,1.3,5.5,7
Least_developed,48.6,46.0,45,0.42,8.936064632,29.875,2,15.4,79,37.0,3.91,25.0,5.2,1.5,5.6,6
Least_developed,48.5,45.0,44,0.34,72.38451279,29.875,10324,15.1,78,31.0,5.72,21.0,5.2,1.7,5.6,5
Least_developed,48.4,43.0,44,0.42,3.979243535,29.875,15801,14.8,77,36.0,5.49,23.0,5.1,1.9,5.4,4
Least_developed,48.1,43.0,43,0.36,3.039691193,29.875,7277,14.4,76,31.0,8.33,25.0,5.0,11.1,5.1,3
Least_developed,48.0,4.0,42,0.3,26.87439074,29.875,24908,14.1,75,26.0,6.9,26.0,4.8,11.3,4.9,2
Least_developed,47.6,44.0,41,0.25,21.52701616,29.875,3546,13.9,74,3.0,6.28,36.0,4.6,11.5,4.7,1
Least_developed,63.5,227.0,1,0.13466666666666666,0.0,91.0,0,24.2,2,92.0,4.832,91.0,0.8,6.7,11.1,16
Least_developed,63.2,23.0,1,0.01,73.86584922,88.0,0,23.7,2,87.0,6.75,87.0,0.8,6.8,11.1,15
Least_developed,62.9,233.0,1,0.01,61.57443584,88.0,0,23.2,2,85.0,6.51,87.0,0.8,6.8,10.9,14
Least_developed,62.5,237.0,2,0.01,78.39008571,89.0,1,22.6,2,85.0,7.11,86.0,0.8,6.9,10.8,13
Least_developed,62.2,241.0,2,0.12,59.659649699999996,83.0,3,22.1,2,85.0,6.1,83.0,0.2,7.0,10.6,12
Least_developed,61.8,246.0,2,0.15,47.30421873,74.0,0,21.6,2,82.0,5.82,74.0,0.1,7.1,10.5,11
Least_developed,61.3,251.0,2,0.17,56.98952474,83.0,1,21.1,2,84.0,3.82,83.0,0.1,7.2,10.3,10
Least_developed,61.0,255.0,2,0.12,93.36788979,81.0,0,2.6,2,81.0,5.13,81.0,0.1,7.2,10.2,9
Least_developed,66.0,259.0,2,0.16,9.087638194,75.0,0,2.1,2,75.0,4.93,75.0,0.1,7.3,10.0,8
Least_developed,63.0,262.0,2,0.25,77.0283958,69.0,85,19.6,2,69.0,4.57,69.0,0.1,7.4,9.9,7
Least_developed,60.0,266.0,2,0.24,69.9675435,68.0,912,19.2,2,67.0,4.32,68.0,0.1,7.5,9.7,6
Least_developed,59.8,269.0,2,0.27,7.212110766,77.0,0,18.8,2,73.0,3.96,76.0,0.1,7.5,9.5,5
Least_developed,59.6,271.0,2,0.26,45.09010835,28.0,0,18.4,2,8.0,3.65,8.0,0.1,7.6,9.2,4
Least_developed,59.5,271.0,2,0.08,29.41897495,76.46153846153847,0,18.0,2,98.0,3.39,89.0,0.1,7.7,8.8,3
Least_developed,59.5,272.0,1,0.08,19.71741043,76.46153846153847,0,17.6,2,7.0,2.86,7.0,0.1,7.8,8.5,2
Least_developed,59.5,272.0,1,0.09,35.02948624,76.46153846153848,0,17.3,2,7.0,3.56,7.0,0.1,7.9,8.2,1
Least_developed,64.7,267.0,7,2.1733333333333333,0.0,8.0,1359,27.4,10,8.0,2.986666666666667,8.0,2.8,7.5,11.1,16
Least_developed,64.2,275.0,7,0.01,0.0,9.0,71,26.8,10,9.0,5.15,9.0,3.0,7.6,11.1,15
Least_developed,63.9,274.0,7,0.01,0.0,85.0,124,26.2,10,85.0,5.9,85.0,3.0,7.7,11.1,14
Least_developed,63.7,273.0,7,0.01,0.0,62.0,260,25.6,10,61.0,3.98,85.0,3.3,7.9,10.2,13
Least_developed,62.9,285.0,7,3.82,0.0,7.0,315,25.0,10,69.0,2.79,82.0,3.5,8.0,10.7,12
Least_developed,62.0,298.0,7,3.53,0.0,74.0,4,24.5,10,72.0,2.29,74.0,3.8,8.1,10.5,11
Least_developed,68.0,314.0,7,3.47,0.0,75.0,1,23.9,11,76.0,2.27,78.0,4.0,8.3,10.3,10
Least_developed,59.4,338.0,8,2.58,0.0,73.0,2,23.3,11,77.0,2.9,79.0,4.3,8.4,10.0,9
Least_developed,58.2,354.0,8,2.75,0.0,64.0,84,22.8,11,71.0,2.54,72.0,5.0,8.5,9.8,8
Least_developed,56.9,368.0,8,2.25,0.0,50.77777777777778,126,22.3,12,73.0,2.37,73.0,5.5,8.7,9.6,7
Least_developed,55.3,394.0,8,2.03,0.0,50.77777777777778,146,21.7,13,62.0,2.42,62.0,5.9,8.8,9.4,6
Least_developed,54.1,48.0,9,2.58,0.0,50.77777777777778,3524,21.2,13,67.0,2.56,67.0,6.3,9.0,9.2,5
Least_developed,53.2,417.0,9,2.45,0.0,50.77777777777778,3712,2.7,14,5.0,2.61,5.0,6.8,9.1,9.4,4
Least_developed,52.6,424.0,9,2.55,0.0,50.777777777777786,2788,2.3,14,41.0,2.45,41.0,7.2,9.3,9.5,3
Least_developed,52.7,419.0,9,2.3,0.0,50.777777777777786,2152,19.8,14,32.0,2.44,31.0,7.6,9.4,9.7,2
Least_developed,52.9,416.0,9,2.26,0.0,50.77777777777779,1678,19.3,14,31.0,2.13,33.0,7.8,9.5,9.8,1
Least_developed,63.5,241.0,1,0.7639999999999999,0.0,84.0,47,35.0,1,84.0,7.070666666666667,84.0,2.1,5.6,6.3,16
Least_developed,63.0,252.0,1,0.38,24.73299655,78.0,0,34.4,1,78.0,1.57,78.0,2.1,5.6,6.3,15
Least_developed,62.7,256.0,1,0.53,229.4410095,82.0,28,33.8,2,82.0,9.14,82.0,2.1,5.6,6.3,14
Least_developed,62.2,263.0,1,0.52,217.21257859999997,81.0,709,33.2,2,81.0,8.95,81.0,1.9,5.6,6.3,13
Least_developed,61.8,268.0,1,0.39,20.35974738,87.0,49,32.7,2,87.0,8.71,87.0,2.7,5.6,5.9,12
Least_developed,61.3,273.0,1,0.44,187.49600969999997,88.0,7,32.2,2,88.0,8.84,88.0,3.1,5.6,5.5,11
Least_developed,69.0,279.0,1,0.49,177.26716069999998,89.0,48,31.7,2,89.0,8.37,89.0,3.2,5.7,5.3,10
Least_developed,62.0,289.0,1,0.49,171.7686449,88.0,143,31.3,2,89.0,8.5,89.0,3.3,5.7,5.0,9
Least_developed,59.8,296.0,1,0.45,20.86878709,25.0,24,3.9,2,88.0,7.72,88.0,3.5,5.8,4.5,8
Least_developed,59.1,39.0,2,1.02,121.4812077,78.0,49,3.6,2,72.0,7.5,72.0,3.7,5.8,4.3,7
Least_developed,58.6,318.0,2,1.23,12.70325933,78.0,298,3.2,2,71.0,7.21,71.0,3.9,5.9,4.0,6
Least_developed,58.1,326.0,2,1.18,106.0354659,78.0,71,29.8,2,64.0,6.76,64.0,4.0,6.0,3.7,5
Least_developed,58.0,325.0,2,1.02,94.13302875,78.0,37,29.4,2,68.0,6.22,68.0,4.2,6.1,3.5,4
Least_developed,57.9,322.0,2,1.03,13.46662004,78.0,50,29.0,2,62.0,5.45,62.0,4.3,6.2,3.3,3
Least_developed,57.7,323.0,2,0.95,92.4978948,78.0,79,28.6,2,49.0,5.37,53.0,4.3,6.3,2.9,2
Least_developed,57.4,325.0,2,1.34,91.95075901,78.0,183,28.2,2,46.0,5.75,46.0,4.1,6.4,2.9,1
Least_developed,64.7,255.0,5,0.608,0.0,95.0,198,18.6,7,95.0,3.468666666666667,95.0,0.4,8.4,5.0,16
Least_developed,64.4,261.0,5,0.01,0.0,94.0,127,18.0,8,94.0,3.34,94.0,0.4,8.5,5.0,15
Least_developed,64.0,266.0,6,0.01,0.0,94.0,45,17.5,8,94.0,3.1,94.0,0.5,8.6,5.0,14
Least_developed,63.6,274.0,6,0.01,0.0,94.0,194,17.0,8,94.0,2.98,94.0,0.6,8.7,5.0,13
Least_developed,62.9,286.0,6,0.62,20.97991915,96.0,48,16.5,8,96.0,3.6,96.0,0.7,8.8,5.0,12
Least_developed,62.1,298.0,6,0.61,17.35739784,9.0,51,16.0,9,9.0,3.24,9.0,0.9,8.9,5.1,11
Least_developed,61.4,311.0,6,0.63,1.575160196,92.0,82,15.5,9,92.0,3.3,92.0,1.0,9.0,5.2,10
Least_developed,67.0,322.0,6,0.49,11.76572311,94.0,0,15.1,9,94.0,3.69,94.0,1.1,9.1,5.2,9
Least_developed,62.0,329.0,6,1.23,11.42385961,91.0,55,14.7,9,91.0,3.29,91.0,1.3,9.2,5.3,8
Least_developed,59.7,336.0,7,0.97,10.60269773,94.0,128,14.3,9,94.0,3.3,94.0,1.4,9.3,5.3,7
Least_developed,59.4,34.0,7,1.07,5.0646889680000005,96.0,19,13.9,9,96.0,2.97,96.0,1.6,9.4,5.4,6
Least_developed,59.1,342.0,7,0.64,10.26097341,84.0,24,13.6,10,98.0,3.14,98.0,1.8,9.6,5.0,5
Least_developed,58.8,343.0,7,0.56,6.913998013,91.0,376,13.3,10,95.0,3.5,93.0,1.9,9.7,4.7,4
Least_developed,58.5,343.0,7,0.83,0.703132179,86.0,460,13.1,10,92.0,4.2,9.0,1.9,9.9,4.4,3
Least_developed,58.1,345.0,7,0.61,5.593619538,86.42857142857143,204,12.8,10,89.0,3.95,86.0,2.0,1.0,4.3,2
Least_developed,45.3,593.0,7,0.83,0.7359403609999999,86.42857142857142,789,12.6,10,82.0,4.43,81.0,1.9,1.2,3.9,1
Least_developed,64.8,225.0,136,1.0746666666666667,0.0,77.0,17745,17.6,194,75.0,4.901333333333334,77.0,0.6,1.4,8.4,16
Least_developed,64.2,234.0,140,0.01,89.95805845,77.0,12739,17.2,202,75.0,4.88,77.0,0.6,1.5,8.4,15
Least_developed,63.7,237.0,145,1.86,8.313282039,72.0,5253,16.8,211,7.0,5.19,72.0,0.9,1.6,8.4,14
Least_developed,63.3,241.0,150,1.84,86.82551124,69.0,4347,16.4,221,7.0,5.77,69.0,1.2,1.7,8.4,13
Least_developed,62.6,249.0,156,1.32,67.77565369,65.0,3255,16.0,231,7.0,6.55,65.0,1.4,1.9,8.2,12
Least_developed,61.8,261.0,162,1.34,67.73374413,62.0,4235,15.6,243,69.0,6.86,61.0,1.7,11.0,8.1,11
Least_developed,68.0,274.0,169,1.17,53.77354001,56.0,1176,15.3,256,65.0,4.41,58.0,2.0,11.1,8.1,10
Least_developed,59.8,289.0,177,1.13,38.55783268,52.0,3511,14.9,270,63.0,4.28,54.0,2.4,11.2,7.6,9
Least_developed,58.5,39.0,186,1.06,30.46451811,47.0,1446,14.5,286,61.0,4.69,5.0,2.8,11.3,7.1,8
Least_developed,57.2,328.0,196,1.22,22.18952246,64.11111111111111,1451,14.2,304,59.0,4.47,46.0,3.3,11.4,6.6,7
Least_developed,56.0,343.0,206,0.99,18.03753133,64.11111111111111,357,13.8,323,56.0,4.2,44.0,3.7,11.5,5.8,6
Least_developed,55.0,354.0,217,0.86,1.5069624819999998,64.1111111111111,73,13.5,342,54.0,4.23,4.0,4.1,11.5,5.4,5
Least_developed,54.0,363.0,228,0.79,10.97201912,64.1111111111111,228,13.2,360,55.0,4.64,37.0,4.4,11.6,5.2,4
Least_developed,53.2,369.0,237,0.8,10.82452594,64.1111111111111,3332,12.9,377,55.0,4.73,35.0,4.6,11.7,4.9,3
Least_developed,52.5,372.0,246,0.85,1.186227577,64.1111111111111,2366,12.6,392,55.0,4.26,32.0,4.9,11.8,4.3,2
Least_developed,51.2,391.0,253,0.88,11.59481766,64.1111111111111,1660,12.3,404,55.0,4.36,3.0,5.0,11.9,3.9,1
Least_developed,61.1,262.0,3,2.1346666666666665,0.0,97.0,71,27.3,5,96.0,5.3086666666666655,97.0,1.7,7.3,8.9,16
Least_developed,68.0,266.0,3,0.01,0.0,96.0,1,26.7,5,97.0,7.34,96.0,1.7,7.5,8.9,15
Least_developed,66.0,266.0,3,0.01,0.0,97.0,0,26.0,5,96.0,6.49,97.0,1.6,7.6,8.9,14
Least_developed,62.0,269.0,3,0.01,0.0,98.0,0,25.4,5,98.0,6.12,98.0,1.4,7.8,8.8,13
Least_developed,59.8,277.0,3,3.41,0.0,96.0,0,24.8,5,95.0,6.24,96.0,1.8,8.0,8.7,12
Least_developed,59.3,284.0,3,3.48,0.0,97.0,2,24.1,6,97.0,5.75,97.0,2.1,8.2,8.8,11
Least_developed,59.0,286.0,3,2.99,0.0,97.0,0,23.5,6,97.0,5.85,98.0,2.7,8.4,8.9,10
Least_developed,58.7,287.0,3,2.79,0.0,98.0,0,22.8,6,96.0,5.95,96.0,3.0,8.6,8.6,9
Least_developed,58.5,288.0,3,2.64,0.0,97.0,0,22.2,6,94.0,5.76,95.0,3.1,8.8,8.4,8
Least_developed,58.2,288.0,3,2.93,0.0,95.0,0,21.5,6,94.0,5.52,95.0,3.0,9.0,8.1,7
Least_developed,57.7,294.0,3,2.26,0.0,95.0,0,2.9,6,94.0,4.97,95.0,3.0,9.2,7.8,6
Least_developed,57.3,296.0,3,2.51,0.0,95.0,0,2.3,6,88.0,4.35,87.0,2.9,9.4,7.6,5
Least_developed,57.0,297.0,3,2.47,0.0,94.0,119,19.7,6,87.0,4.22,87.0,2.7,9.6,7.3,4
Least_developed,56.6,298.0,3,2.08,0.0,92.0,32,19.1,6,86.0,3.75,87.0,2.5,9.8,7.0,3
Least_developed,56.3,3.0,3,2.25,0.0,91.0,99,18.5,6,85.0,3.71,87.0,2.3,1.0,6.8,2
Least_developed,55.9,33.0,3,2.18,0.0,91.0,336,18.0,6,84.0,3.61,8.0,2.0,1.2,6.5,1
Least_developed,59.0,284.0,26,0.16466666666666666,0.0,54.0,243,23.3,40,42.0,4.009333333333333,54.0,0.5,7.3,8.8,16
Least_developed,58.1,299.0,27,0.01,50.57976483,51.0,175,22.7,41,42.0,5.64,51.0,0.5,7.5,8.6,15
Least_developed,58.8,284.0,27,0.01,5.140668848,63.0,53,22.2,41,63.0,5.49,63.0,1.0,7.7,8.5,14
Least_developed,58.4,288.0,28,0.01,4.344930862,62.0,6,21.7,42,63.0,5.39,62.0,1.9,7.8,8.5,13
Least_developed,58.1,29.0,28,0.22,42.2547904,63.0,11,21.2,43,63.0,4.73,63.0,2.0,8.0,8.4,12
Least_developed,57.8,291.0,29,0.2,29.74734049,64.0,45,2.8,44,62.0,4.55,64.0,2.2,8.2,8.3,11
Least_developed,57.3,297.0,29,0.18,24.84763562,57.0,264,2.3,46,6.0,3.85,57.0,2.3,8.4,8.1,10
Least_developed,56.8,33.0,30,0.21,19.68510257,57.0,89,19.8,47,59.0,3.21,6.0,2.3,8.6,7.9,9
Least_developed,56.4,36.0,31,0.19,1.399626733,57.0,3,19.4,48,46.0,3.8,63.0,2.4,8.9,7.6,8
Least_developed,55.6,317.0,31,0.16,10.3839337,58.666666666666664,4,19.0,49,53.0,3.2,57.0,2.6,9.1,7.1,7
Least_developed,54.7,327.0,32,0.21,1.099665984,58.666666666666664,99,18.5,51,59.0,2.82,59.0,2.7,9.3,6.6,6
Least_developed,54.0,334.0,33,0.34,18.93011259,58.66666666666666,10,18.1,53,65.0,3.14,6.0,2.8,9.5,5.1,5
Least_developed,53.3,338.0,34,0.18,2.39524067,58.66666666666666,2497,17.7,55,61.0,3.45,57.0,2.9,9.7,5.9,4
Least_developed,52.9,337.0,35,0.21,21.337818399999996,58.66666666666666,2151,17.3,56,56.0,3.76,53.0,3.0,9.9,5.5,3
Least_developed,52.5,336.0,36,0.17,19.89790929,58.66666666666665,7408,16.9,58,52.0,3.65,5.0,3.0,1.1,5.1,2
Least_developed,52.5,328.0,37,0.17,2.215986136,58.66666666666665,11294,16.6,60,47.0,3.46,46.0,3.0,1.3,4.8,1
Least_developed,58.9,275.0,4,2.2600000000000002,0.0,87.0,153,26.3,6,87.0,5.870666666666668,87.0,3.2,7.1,9.2,16
Least_developed,58.4,282.0,4,0.01,50.06053544,87.0,1,25.6,6,87.0,5.59,87.0,3.4,7.3,9.2,15
Least_developed,58.1,279.0,4,0.01,8.20063742,87.0,0,25.0,6,87.0,6.14,87.0,4.5,7.5,9.1,14
Least_developed,57.6,285.0,4,0.01,0.948526366,87.0,0,24.3,6,87.0,5.96,87.0,5.3,7.7,9.1,13
Least_developed,57.1,289.0,4,3.57,40.45367358,86.0,0,23.7,7,85.0,5.46,86.0,5.7,7.8,9.0,12
Least_developed,56.7,287.0,4,3.21,53.30782696,83.0,26,23.1,7,82.0,6.7,83.0,5.9,8.0,8.9,11
Least_developed,56.3,288.0,4,2.55,47.12969266,8.0,0,22.5,7,78.0,6.81,8.0,6.0,8.3,8.9,10
Least_developed,55.6,297.0,5,2.64,28.30191127,75.0,12,21.9,7,77.0,6.5,77.0,6.0,8.5,8.8,9
Least_developed,55.0,32.0,5,2.98,31.06932595,75.0,1,21.3,7,76.0,6.1,74.0,5.7,8.7,8.8,8
Least_developed,54.4,36.0,5,3.22,21.53374936,75.0,0,2.7,8,74.0,5.87,71.0,5.6,8.9,8.3,7
Least_developed,53.9,37.0,5,3.1,22.09757984,75.0,0,2.1,8,73.0,5.72,68.0,5.4,9.2,8.0,6
Least_developed,53.5,38.0,5,2.58,13.52999556,75.0,3526,19.6,8,69.0,5.41,64.0,5.0,9.4,7.7,5
Least_developed,53.0,38.0,5,2.16,2.527115422,75.0,1158,19.0,8,65.0,5.62,6.0,4.6,9.6,7.4,4
Least_developed,52.8,35.0,5,2.47,24.65761755,75.0,298,18.5,8,61.0,5.84,57.0,4.1,9.8,7.1,3
Least_developed,52.5,32.0,5,2.55,0.868708478,75.0,126,17.9,9,56.0,5.4,53.0,3.6,1.0,6.7,2
Least_developed,52.1,3.0,5,2.84,6.699418747,75.0,0,17.4,9,52.0,4.94,49.0,3.1,1.2,6.4,1
Least_developed,63.5,24.0,14,5.486,0.0,6.0,0,49.9,18,56.0,6.183333333333334,6.0,0.5,3.9,9.1,16
Least_developed,63.1,245.0,14,0.01,5.103249438,48.0,0,48.8,19,55.0,7.56,48.0,0.5,3.9,9.1,15
Least_developed,62.7,253.0,14,5.68,4.989712322,68.0,0,47.7,19,67.0,8.1,68.0,0.5,3.9,9.1,14
Least_developed,62.3,259.0,15,5.68,26.37942542,40.666666666666664,0,46.5,20,67.0,9.88,67.0,0.8,3.9,8.9,13
Least_developed,62.3,259.0,15,5.68,4.106484317,40.666666666666664,0,45.3,20,67.0,1.41,68.0,1.5,4.0,8.7,12
Least_developed,36.3,682.0,23,5.76,36.2929176,40.666666666666664,0,44.2,58,66.0,8.9,66.0,1.9,4.0,8.6,11
Least_developed,62.5,251.0,16,5.85,41.30079452,40.666666666666664,0,43.0,21,65.0,6.68,65.0,2.0,4.1,8.5,10
Least_developed,62.1,259.0,16,5.95,63.83195683,40.666666666666664,0,41.8,22,64.0,5.92,63.0,2.4,4.2,8.4,9
Least_developed,61.8,266.0,17,6.08,56.77858733,40.666666666666664,0,4.7,23,62.0,5.56,63.0,2.7,4.2,8.4,8
Least_developed,61.1,28.0,17,6.18,6.9955563860000005,40.666666666666664,0,39.6,23,61.0,5.7,6.0,3.3,4.3,8.3,7
Least_developed,65.0,29.0,17,5.57,38.10904264,40.66666666666667,0,38.5,24,6.0,4.41,6.0,3.9,4.4,8.2,6
Least_developed,58.7,32.0,18,6.1,64.39853344,40.66666666666667,0,37.5,24,58.0,5.61,55.0,4.3,4.5,8.1,5
Least_developed,59.7,3.0,18,6.64,44.25687135,40.66666666666667,0,36.5,25,56.0,5.32,53.0,4.6,4.5,8.1,4
Least_developed,59.3,33.0,19,6.1,50.28558223,40.66666666666667,0,35.6,26,54.0,5.47,48.0,4.8,4.6,8.0,3
Least_developed,58.9,35.0,19,6.22,60.77815868,40.66666666666667,159,34.8,27,52.0,5.63,45.0,5.0,4.7,7.9,2
Least_developed,58.6,35.0,20,4.79,74.46033036,40.666666666666664,992,34.0,28,5.0,6.6,41.0,5.1,4.8,7.8,1
Least_developed,66.3,198.0,0,0.4406666666666667,0.0,82.0,0,77.6,0,8.0,5.728,78.0,0.1,0.1,11.9,16
Least_developed,66.1,2.0,0,0.01,97.87193319,75.0,0,77.1,0,79.0,1.21,75.0,0.1,0.1,11.9,15
Least_developed,65.8,22.0,0,0.01,137.25919430000002,95.0,0,76.7,0,91.0,1.15,95.0,0.1,0.1,11.9,14
Least_developed,65.7,24.0,0,0.01,147.4549755,94.0,0,76.2,0,92.0,1.37,94.0,0.1,0.1,11.9,13
Least_developed,65.5,26.0,0,0.53,30.46703899,95.0,0,75.7,0,95.0,1.42,99.0,0.1,0.1,11.9,12
Least_developed,65.3,27.0,0,0.48,18.21661422,91.0,0,75.2,0,95.0,1.52,91.0,0.1,0.1,11.9,11
Least_developed,65.2,28.0,0,0.54,162.2903711,86.0,0,74.6,0,84.0,12.24,86.0,0.1,0.1,11.9,10
Least_developed,65.1,21.0,0,0.46,167.6201552,83.0,0,74.1,0,74.0,12.23,82.0,0.1,0.2,11.6,9
Least_developed,65.0,211.0,0,0.68,188.7108773,96.0,0,73.4,0,93.0,13.66,94.0,0.1,0.2,11.8,8
Least_developed,65.0,212.0,0,0.76,18.19457876,88.0,0,72.8,0,86.0,1.93,86.0,0.1,0.2,12.1,7
Least_developed,64.9,213.0,0,0.6,111.73921340000001,5.0,0,72.1,0,74.0,1.6,79.0,0.1,0.2,12.2,6
Least_developed,64.8,214.0,0,0.48,10.6242741,67.0,0,71.4,0,61.0,1.39,62.0,0.1,0.2,12.4,5
Least_developed,64.7,215.0,0,0.5,1.76541345,73.0,0,7.6,0,79.0,9.98,7.0,0.1,0.2,11.6,4
Least_developed,64.6,217.0,0,0.49,70.75572222,79.0,0,69.7,0,96.0,9.1,77.0,0.1,0.2,11.7,3
Least_developed,64.3,219.0,0,0.6,59.97185848,85.0,0,68.8,0,88.0,9.0,85.0,0.1,0.2,10.4,2
Least_developed,64.1,222.0,0,0.46,11.07543331,9.0,0,67.9,0,9.0,8.12,9.0,0.1,0.2,10.0,1
Least_developed,53.7,484.0,4,2.0866666666666664,0.0,93.0,0,32.6,6,9.0,7.607333333333333,93.0,9.3,5.5,10.7,16
Least_developed,52.1,522.0,4,0.01,162.1278115,93.0,0,32.0,6,9.0,1.62,93.0,9.4,5.8,10.8,15
Least_developed,52.1,518.0,4,0.01,153.34431469999998,93.0,516,31.4,6,9.0,11.7,93.0,9.6,6.1,11.1,14
Least_developed,52.2,513.0,4,0.01,168.13489919999998,95.0,179,3.8,6,93.0,11.14,95.0,9.0,6.4,11.0,13
Least_developed,52.3,52.0,4,2.39,195.825251,96.0,172,3.2,6,95.0,11.79,96.0,10.5,6.8,11.0,12
Least_developed,51.1,527.0,4,2.71,154.8705998,93.0,2488,29.7,6,92.0,1.87,93.0,13.4,7.2,10.9,11
Least_developed,49.4,566.0,4,2.75,104.31447320000001,91.0,0,29.2,6,89.0,9.8,91.0,18.2,7.6,10.8,10
Least_developed,47.8,592.0,5,2.75,91.85432774,88.0,0,28.8,6,86.0,8.85,88.0,27.3,8.0,10.7,9
Least_developed,46.2,633.0,4,2.69,9.18432717,9.0,2,28.3,6,87.0,8.47,88.0,30.0,8.4,10.6,8
Least_developed,45.3,654.0,5,2.61,71.15577609,91.0,1,27.9,6,88.0,7.12,89.0,34.1,8.8,10.7,7
Least_developed,44.5,675.0,5,2.67,57.90369752,87.0,0,27.4,6,88.0,6.3,89.0,34.8,9.3,10.7,6
Least_developed,44.8,666.0,5,1.8,67.91361818,6.0,31,26.9,7,89.0,6.96,9.0,34.6,9.7,10.7,5
Least_developed,45.5,648.0,5,1.99,5.3009020410000005,17.0,1,26.4,7,9.0,7.13,9.0,33.8,1.2,10.5,4
Least_developed,46.4,622.0,5,2.95,3.53457351,73.23076923076923,0,25.9,7,84.0,6.91,84.0,32.5,1.6,10.4,3
Least_developed,47.8,586.0,5,2.86,38.57187011,73.23076923076924,217,25.4,7,78.0,7.53,78.0,31.2,11.1,10.3,2
Least_developed,49.3,543.0,5,3.1,29.86616464,73.23076923076924,660,24.9,7,82.0,6.92,83.0,29.8,11.5,9.6,1
Least_developed,61.4,259.0,8,3.2580000000000005,0.0,52.0,1060,27.3,11,52.0,6.843999999999999,52.0,0.9,6.5,9.9,16
Least_developed,58.1,329.0,8,0.01,54.37396957,5.0,34,26.7,11,49.0,1.4,5.0,0.9,6.7,9.9,15
Least_developed,61.1,258.0,9,0.01,45.04892458,76.0,0,26.1,11,75.0,9.25,76.0,1.1,6.8,9.8,14
Least_developed,67.0,261.0,9,0.01,48.09891474,8.0,43,25.6,12,8.0,1.19,8.0,1.2,7.0,9.6,13
Least_developed,62.0,266.0,9,3.72,60.44658161,77.0,279,25.0,12,77.0,11.23,77.0,1.5,7.2,9.5,12
Least_developed,59.7,272.0,9,3.64,41.91052416,47.0,2200,24.5,13,71.0,11.87,7.0,1.8,7.4,9.6,11
Least_developed,59.2,277.0,10,3.75,5.592170255,64.0,6,24.0,13,84.0,14.39,81.0,2.1,7.6,9.7,10
Least_developed,58.6,281.0,10,3.88,40.03344077,64.0,1,23.4,14,79.0,11.83,75.0,2.4,7.7,9.8,9
Least_developed,57.9,286.0,10,4.03,3.6868992869999997,49.125,1,22.9,14,67.0,1.24,65.0,2.8,7.9,9.9,8
Least_developed,56.7,32.0,11,4.05,15.79934152,49.125,20,22.4,15,66.0,1.9,6.0,3.0,8.1,10.0,7
Least_developed,55.3,316.0,12,4.19,22.39648813,49.125,8,22.0,16,66.0,8.4,6.0,3.1,8.3,10.1,6
Least_developed,54.0,329.0,12,4.24,17.85870796,49.125,4,21.5,17,47.0,8.77,31.0,3.2,8.5,10.2,5
Least_developed,50.0,42.0,13,4.21,9.758449266,49.125,142,21.1,18,49.0,3.44,35.0,3.2,8.7,10.3,4
Least_developed,56.0,371.0,13,4.27,10.424369,49.125,131,2.7,19,51.0,5.43,39.0,3.1,8.8,10.4,3
Least_developed,51.5,333.0,14,4.4,16.72142854,49.125,1379,2.4,20,54.0,6.41,42.0,3.1,9.0,10.5,2
Least_developed,51.9,39.0,14,4.46,12.19709744,49.125,5977,2.2,20,56.0,5.91,46.0,3.1,9.2,8.7,1
Least_developed,65.5,22.0,28,0.8200000000000001,0.0,69.0,3,2.5,38,71.0,4.710666666666667,69.0,0.3,7.1,10.3,16
Least_developed,65.1,225.0,29,0.01,5.339065673,73.0,3,2.0,39,73.0,3.4,73.0,0.3,7.2,10.3,15
Least_developed,64.7,23.0,29,0.87,79.50882493,74.0,6,19.5,40,73.0,4.15,74.0,0.4,7.3,10.3,14
Least_developed,64.3,235.0,30,0.87,59.97914461,7.0,2,19.0,42,71.0,3.46,7.0,0.4,7.4,10.2,13
Least_developed,63.8,241.0,31,0.97,78.79967196,73.0,0,18.5,43,73.0,4.24,73.0,0.4,7.5,10.2,12
Least_developed,63.3,248.0,32,1.03,76.60442169,7.0,1,18.0,45,7.0,4.86,7.0,0.5,7.6,10.2,11
Least_developed,62.8,254.0,33,0.91,71.16601203,77.0,0,17.6,47,76.0,4.7,77.0,0.5,7.7,9.7,10
Least_developed,62.3,259.0,34,0.68,6.448762615,77.0,3,17.1,49,77.0,4.5,77.0,0.5,7.8,9.4,9
Least_developed,61.9,261.0,35,0.71,55.43034455,84.0,0,16.7,51,83.0,4.98,84.0,0.6,7.9,9.1,8
Least_developed,61.4,263.0,36,0.68,38.41870375,82.0,2,16.3,54,83.0,5.11,85.0,0.6,8.0,9.0,7
Least_developed,69.0,265.0,37,0.72,33.74786198,81.0,0,15.8,56,8.0,5.3,85.0,0.6,8.1,8.9,6
Least_developed,64.0,267.0,38,0.81,23.72796328,71.0,35558,15.4,58,74.0,4.89,78.0,0.6,8.2,8.7,5
Least_developed,59.9,268.0,40,0.93,37.12894787,61.0,62233,15.0,60,65.0,4.81,66.0,0.7,8.3,8.5,4
Least_developed,59.3,271.0,41,0.9,47.5262138,51.0,10795,14.7,63,61.0,5.29,62.0,0.7,8.5,8.3,3
Least_developed,58.7,276.0,42,1.05,42.56331585,63.357142857142854,9357,14.3,65,6.0,5.17,6.0,0.7,8.6,8.2,2
Least_developed,57.9,283.0,44,1.16,35.66125056,63.35714285714286,35256,13.9,68,58.0,5.8,57.0,0.6,8.7,8.0,1
Least_developed,58.3,365.0,26,0.9193333333333331,0.0,88.0,0,19.6,38,88.0,6.658666666666666,88.0,4.8,6.4,10.8,16
Least_developed,57.6,377.0,27,0.01,59.48744893,91.0,3,19.2,40,87.0,11.38,91.0,5.1,6.5,10.7,15
Least_developed,56.7,394.0,29,0.01,55.83107625,89.0,1,18.8,42,89.0,1.96,89.0,6.3,6.5,10.7,14
Least_developed,55.3,42.0,31,0.01,82.76865922,96.0,11,18.4,46,95.0,12.6,96.0,8.3,6.6,10.7,13
Least_developed,54.1,441.0,32,1.23,13.77617463,97.0,26,18.0,50,97.0,11.67,97.0,11.2,6.7,10.6,12
Least_developed,52.9,462.0,35,1.08,9.728005297000001,93.0,118712,17.6,54,86.0,1.5,93.0,13.7,6.8,10.2,11
Least_developed,51.5,491.0,36,1.16,7.915071247999999,93.0,21,17.3,56,93.0,1.18,93.0,14.9,6.9,9.9,10
Least_developed,50.0,525.0,36,1.27,74.34482999,91.0,20,16.9,58,92.0,1.7,91.0,16.9,7.0,9.6,9
Least_developed,48.5,559.0,37,1.18,4.269511381,87.0,143,16.6,59,88.0,9.31,87.0,19.3,7.1,9.7,8
Least_developed,47.1,587.0,38,1.18,6.847033785,99.0,1,16.2,61,99.0,8.99,99.0,21.1,7.3,9.6,7
Least_developed,46.0,66.0,39,1.04,5.670640102,93.0,184,15.9,62,94.0,8.2,93.0,22.4,7.4,9.7,6
Least_developed,45.1,615.0,40,1.11,58.13583343,89.0,1116,15.5,65,94.0,7.82,89.0,23.4,7.5,10.0,5
Least_developed,44.6,613.0,43,1.08,4.3753160939999995,84.0,167,15.2,70,85.0,6.35,84.0,24.2,7.6,10.3,4
Least_developed,44.0,67.0,46,1.1,3.885394742,64.0,92,14.8,75,79.0,4.82,64.0,24.7,7.7,10.4,3
Least_developed,43.5,599.0,48,1.15,12.79760626,89.57142857142857,150,14.4,80,86.0,5.7,9.0,25.1,7.9,10.1,2
Least_developed,43.1,588.0,51,1.18,13.76270195,89.57142857142858,304,14.1,84,73.0,6.7,75.0,25.5,8.0,10.7,1
Least_developed,58.2,266.0,52,0.438,0.0,64.0,215,23.8,84,66.0,6.522666666666667,64.0,1.5,7.7,8.4,16
Least_developed,57.8,272.0,52,0.01,46.56231672,73.0,290,23.2,85,74.0,6.86,73.0,1.6,7.9,8.2,15
Least_developed,57.3,275.0,53,0.01,36.86104319,69.0,221,22.5,86,7.0,6.58,69.0,1.6,8.1,8.0,14
Least_developed,57.2,27.0,53,0.01,96.5465827,66.0,341,21.9,88,72.0,6.47,66.0,1.5,8.3,7.7,13
Least_developed,56.8,271.0,54,0.61,101.81139959999999,66.0,24,21.3,90,72.0,6.59,66.0,1.5,8.5,7.5,12
Least_developed,56.5,273.0,54,0.6,9.585584394,72.0,1719,2.7,91,77.0,6.35,73.0,1.5,8.8,7.3,11
Least_developed,56.0,276.0,55,0.59,84.63438925,71.0,2939,2.2,93,77.0,6.85,73.0,1.6,9.0,7.1,10
Least_developed,55.5,278.0,55,0.57,102.1413744,74.0,98,19.6,94,74.0,6.74,74.0,1.6,9.2,5.8,9
Least_developed,55.0,282.0,56,0.55,81.84050069999999,74.0,2,19.0,96,76.0,6.97,74.0,1.7,9.4,6.4,8
Least_developed,54.3,288.0,57,0.53,67.70920683,9.0,128,18.5,98,79.0,6.56,78.0,1.8,9.7,6.1,7
Least_developed,53.6,29.0,57,0.55,60.21211141,83.0,33,18.0,101,78.0,6.34,77.0,1.9,9.9,5.8,6
Least_developed,52.8,296.0,58,0.49,57.11644801,73.0,172,17.5,103,7.0,6.28,69.0,2.0,1.1,5.5,5
Least_developed,52.0,299.0,59,0.54,6.6604517770000005,79.0,232,17.0,106,67.0,6.25,63.0,2.2,1.3,5.2,4
Least_developed,51.2,31.0,60,0.53,3.67646576,67.15384615384616,717,16.5,108,65.0,6.32,61.0,2.3,1.5,4.9,3
Least_developed,55.0,34.0,60,0.51,4.395885717,67.15384615384616,4464,16.1,110,56.0,6.39,49.0,2.4,1.8,4.6,2
Least_developed,49.8,37.0,60,0.47,23.94507124,67.15384615384616,1578,15.6,111,53.0,6.29,43.0,2.5,11.0,4.4,1
Least_developed,63.1,25.0,8,0.013333333333333334,0.0,73.0,1,3.8,12,67.0,3.935333333333334,73.0,0.9,7.8,8.5,16
Least_developed,63.0,26.0,8,0.01,80.92679802,84.0,14,3.1,12,84.0,3.77,84.0,0.9,8.0,8.5,15
Least_developed,62.7,28.0,8,0.01,8.88028118,8.0,62,29.4,12,8.0,3.63,8.0,1.1,8.1,8.2,14
Least_developed,62.5,29.0,8,0.01,62.48419552,8.0,35,28.8,12,8.0,3.36,8.0,1.2,8.3,7.8,13
Least_developed,62.2,212.0,8,0.01,79.27658464,75.0,234,28.1,12,73.0,2.87,75.0,1.2,8.5,7.7,12
Least_developed,62.0,214.0,8,0.01,8.353074798,64.0,1292,27.4,12,52.0,3.28,64.0,1.2,8.7,7.6,11
Least_developed,61.7,215.0,8,0.01,11.14504291,64.0,322,26.8,12,63.0,3.79,64.0,1.2,8.9,7.1,10
Least_developed,61.4,217.0,8,0.02,61.76263795,74.0,4,26.1,12,73.0,3.23,74.0,1.3,9.2,7.2,9
Least_developed,61.2,219.0,8,0.02,7.35400072,74.0,11,25.5,12,75.0,3.54,75.0,1.3,9.4,7.4,8
Least_developed,69.0,221.0,8,0.01,55.79836969,68.0,22,24.8,12,68.0,3.21,68.0,1.3,9.6,7.2,7
Least_developed,66.0,223.0,8,0.01,55.12187071,42.0,127,24.2,12,71.0,4.21,71.0,1.3,9.8,7.2,6
Least_developed,64.0,224.0,8,0.01,5.00378288,57.63636363636363,5039,23.6,12,68.0,4.7,7.0,1.3,1.0,6.7,5
Least_developed,63.0,226.0,8,0.01,29.65370899,57.63636363636363,3611,22.9,12,75.0,4.53,76.0,1.3,1.3,6.6,4
Least_developed,62.0,228.0,7,0.02,4.113190741,57.63636363636363,883,22.3,12,91.0,5.31,89.0,1.2,1.5,6.5,3
Least_developed,61.0,229.0,7,0.01,28.782245,57.63636363636363,1398,21.7,12,75.0,4.34,75.0,1.2,1.7,6.5,2
Least_developed,60.0,23.0,7,0.03,8.594570232,57.63636363636363,0,21.1,11,58.0,5.26,51.0,1.1,1.9,6.4,1
Least_developed,57.6,355.0,60,1.2660000000000002,0.0,8.0,79,22.6,81,8.0,5.972666666666666,8.0,3.9,3.6,9.1,16
Least_developed,56.7,375.0,61,0.01,54.91159475,79.0,9,22.2,84,79.0,6.98,79.0,4.1,3.6,9.1,15
Least_developed,55.3,46.0,62,1.16,5.813338496,78.0,8,21.8,87,78.0,5.9,78.0,5.1,3.6,9.1,14
Least_developed,54.8,48.0,64,1.19,49.90987221,76.0,145,21.3,90,73.0,5.58,76.0,6.9,3.6,9.2,13
Least_developed,54.3,47.0,66,0.94,40.80617976,76.0,177,2.9,94,73.0,6.23,76.0,9.6,3.7,9.5,12
Least_developed,54.0,47.0,69,0.96,5.743393664,74.0,2321,2.5,98,73.0,5.38,74.0,10.8,3.7,9.3,11
Least_developed,53.8,4.0,70,1.18,39.75216936,74.0,60,2.1,101,74.0,5.43,74.0,11.3,3.7,9.2,10
Least_developed,53.2,45.0,72,1.48,0.796915785,75.0,4,19.7,104,74.0,4.91,75.0,12.6,3.7,8.8,9
Least_developed,52.1,425.0,74,1.03,53.9502789,75.0,267,19.3,108,75.0,5.25,75.0,14.1,3.8,8.2,8
Least_developed,51.2,434.0,78,1.2,58.59644487,75.0,183,18.9,113,73.0,6.51,78.0,16.3,3.8,7.9,7
Least_developed,58.0,434.0,80,1.23,67.33378735,75.0,12598,18.5,117,71.0,6.87,8.0,16.2,3.9,7.3,6
Least_developed,54.0,429.0,82,1.54,46.58195631,76.0,9396,18.1,120,69.0,5.91,83.0,15.9,3.9,7.0,5
Least_developed,51.0,424.0,85,1.68,42.52689559,76.0,28898,17.7,124,67.0,6.39,85.0,15.3,4.0,6.7,4
Least_developed,49.8,416.0,87,2.16,40.82597077,76.0,7155,17.3,127,76.0,6.45,76.0,14.5,4.0,6.2,3
Least_developed,49.5,48.0,90,2.09,37.82511936,25.0,7085,16.9,132,72.0,5.64,73.0,13.4,4.1,5.8,2
Least_developed,49.0,43.0,93,1.14,47.17250718,67.86666666666666,7375,16.5,136,69.0,6.16,7.0,12.2,4.2,5.4,1
Least_developed,66.6,199.0,39,0.35133333333333333,0.0,89.0,6,23.8,50,89.0,2.0126666666666666,89.0,0.3,12.8,9.1,16
Least_developed,66.4,21.0,40,0.01,45.33788677,88.0,122,22.9,52,88.0,2.28,88.0,0.3,12.9,9.1,15
Least_developed,66.2,22.0,42,0.7,38.33793462,75.0,1010,22.1,55,76.0,2.16,75.0,0.4,12.9,9.1,14
Least_developed,65.9,25.0,44,0.55,38.4279083,58.0,2175,21.3,58,87.0,2.22,84.0,0.5,13.0,9.1,13
Least_developed,65.6,27.0,47,0.33,21.23698847,4.0,2046,2.5,61,9.0,1.87,84.0,0.5,13.0,9.1,12
Least_developed,65.4,29.0,49,0.3,17.48293752,92.0,190,19.8,65,9.0,1.92,9.0,0.5,13.1,8.8,11
Least_developed,65.2,211.0,52,0.28,11.05247903,91.0,329,19.1,69,9.0,2.5,9.0,0.6,13.1,8.5,10
Least_developed,59.2,296.0,59,0.3,9.53048032,85.0,333,18.3,96,85.0,1.87,85.0,0.6,13.2,8.2,9
Least_developed,64.5,217.0,58,0.26,0.5305728,85.0,1088,17.6,78,84.0,1.68,86.0,0.6,13.2,8.1,8
Least_developed,64.2,22.0,61,0.28,4.632776304,75.0,760,17.0,83,82.0,1.78,82.0,0.6,13.2,8.0,7
Least_developed,63.9,224.0,64,0.28,2.7938431880000003,62.0,314,16.4,87,86.0,1.83,73.0,0.5,13.2,7.9,6
Least_developed,63.5,228.0,66,0.44,4.15451614,39.0,1329,15.7,90,92.0,1.97,82.0,0.5,13.3,7.8,5
Least_developed,63.2,231.0,69,0.4,3.8242124719999997,8.0,830,15.2,93,86.0,1.97,78.0,0.5,13.3,7.7,4
Least_developed,62.8,235.0,71,0.41,3.421880938,65.46153846153847,736,14.6,96,84.0,2.5,79.0,0.4,13.3,7.6,3
Least_developed,62.5,239.0,72,0.38,1.9171639999999999,65.46153846153847,2519,14.1,98,77.0,1.8,73.0,0.4,13.3,7.6,2
Least_developed,62.1,243.0,73,0.35,2.511437292,65.46153846153847,845,13.6,100,88.0,1.84,82.0,0.4,13.3,7.5,1
Least_developed,69.2,165.0,17,0.19,0.0,91.0,1599,19.1,21,9.0,5.889333333333334,91.0,0.1,15.7,12.2,16
Least_developed,69.6,158.0,18,0.01,8.523486403,92.0,1279,18.5,22,92.0,5.8,92.0,0.1,15.9,12.4,15
Least_developed,69.3,162.0,19,0.27,80.15505125,92.0,1861,18.0,24,92.0,5.69,92.0,0.1,16.1,12.3,14
Least_developed,68.9,167.0,20,0.26,80.58788376,9.0,3362,17.4,25,9.0,5.89,9.0,0.2,16.3,12.3,13
Least_developed,68.4,172.0,22,0.27,112.12290279999999,92.0,2359,16.9,27,92.0,6.73,92.0,0.2,16.5,12.0,12
Least_developed,68.0,178.0,23,0.24,84.62302524,82.0,190,16.4,30,83.0,6.43,82.0,0.2,16.7,11.1,11
Least_developed,67.5,183.0,25,0.22,6.19357029,89.0,189,15.9,32,93.0,6.41,89.0,0.2,16.9,10.5,10
Least_developed,67.0,189.0,27,0.21,70.27113179,82.0,2089,15.4,35,82.0,6.44,82.0,0.2,17.0,10.1,9
Least_developed,66.6,194.0,29,0.2,52.22906505,82.0,1415,14.9,38,82.0,5.84,82.0,0.2,17.2,10.0,8
Least_developed,66.0,21.0,31,0.2,45.87989927,69.0,2838,14.4,41,91.0,5.7,89.0,0.2,17.4,9.6,7
Least_developed,65.4,28.0,33,0.2,4.259752532,41.0,5023,13.9,44,78.0,5.72,75.0,0.2,17.6,9.4,6
Least_developed,64.7,218.0,35,0.21,31.93187316,27.0,12074,13.4,47,8.0,5.82,8.0,0.2,17.8,9.3,5
Least_developed,64.3,22.0,38,0.2,2.79096532,2.0,13344,12.9,50,76.0,5.48,78.0,0.1,18.0,9.2,4
Least_developed,63.1,238.0,40,0.19,23.18394594,65.38461538461539,6749,12.4,54,72.0,5.6,72.0,0.1,18.2,8.6,3
Least_developed,63.2,23.0,43,0.09,21.92813881,65.38461538461539,10849,11.9,58,73.0,5.36,72.0,0.1,18.3,9.0,2
Least_developed,62.5,238.0,46,0.08,17.912336800000002,65.38461538461539,9397,11.4,62,74.0,5.43,74.0,0.1,18.5,8.9,1
Least_developed,61.8,22.0,49,0.09133333333333335,0.0,65.0,7693,19.3,87,65.0,6.577333333333332,65.0,0.4,9.6,5.4,16
Least_developed,61.4,223.0,49,0.01,3.3040398989999997,68.0,1142,18.9,88,67.0,5.82,68.0,0.5,9.8,5.3,15
Least_developed,69.0,227.0,49,0.01,31.50243237,67.0,1224,18.5,89,56.0,5.9,67.0,0.6,1.0,5.3,14
Least_developed,63.0,232.0,49,0.01,29.75517982,71.0,272,18.1,90,71.0,6.11,71.0,0.7,1.3,5.1,13
Least_developed,59.4,241.0,50,0.15,32.22493445,75.0,771,17.7,93,4.0,6.66,75.0,0.7,1.5,4.8,12
Least_developed,58.2,252.0,50,0.12,5.8837605360000005,7.0,372,17.3,95,75.0,6.36,7.0,0.9,1.7,4.5,11
Least_developed,57.1,263.0,51,0.11,5.665405066,71.0,801,16.9,99,71.0,6.98,71.0,1.1,11.0,4.2,10
Least_developed,56.0,272.0,52,0.12,40.37835666,60.57142857142857,1317,16.5,102,68.0,6.76,67.0,1.3,11.2,4.0,9
Least_developed,55.2,276.0,53,0.1,35.80929749,60.57142857142857,282,16.1,106,57.0,6.94,57.0,1.4,11.4,3.8,8
Least_developed,54.5,277.0,54,0.11,43.42193066,60.57142857142857,59,15.7,110,52.0,7.39,51.0,1.5,11.6,3.7,7
Least_developed,53.7,278.0,55,0.11,3.751715442,60.57142857142857,2183,15.4,114,46.0,7.15,45.0,1.6,11.9,3.5,6
Least_developed,52.9,279.0,56,0.11,20.86118432,60.57142857142856,63057,15.0,118,45.0,6.61,43.0,1.6,12.1,3.1,5
Least_developed,52.1,28.0,56,0.1,20.26876572,60.57142857142856,54190,14.6,121,44.0,6.23,41.0,1.6,12.3,3.0,4
Least_developed,51.4,282.0,57,0.1,17.58722718,60.57142857142856,31584,14.3,124,43.0,6.55,39.0,1.6,12.5,2.9,3
Least_developed,56.0,283.0,57,0.11,1.817829717,60.57142857142856,61208,13.9,127,42.0,7.1,36.0,1.6,12.7,2.9,2
Least_developed,50.0,284.0,58,0.1,13.35783844,60.57142857142856,21319,13.6,128,41.0,6.1,34.0,1.5,12.8,2.8,1
Least_developed,66.1,227.0,11,5.635999999999999,0.0,98.0,1,21.4,15,99.0,6.350666666666666,98.0,0.4,5.7,10.8,16
Least_developed,65.7,23.0,12,0.01,7.549797237999999,98.0,10,2.8,16,98.0,7.53,98.0,0.4,5.8,10.8,15
Least_developed,65.2,233.0,12,0.01,11.71090655,98.0,17,2.1,17,98.0,7.69,98.0,0.5,5.9,10.8,14
Least_developed,64.6,239.0,13,0.01,9.774676411,98.0,75,19.5,18,98.0,7.68,98.0,0.7,6.1,10.5,13
Least_developed,63.8,247.0,14,8.34,9.074569426,97.0,31,18.9,20,93.0,7.71,97.0,1.3,6.3,10.2,12
Least_developed,62.8,26.0,16,7.92,63.78723633,97.0,121,18.3,23,93.0,7.91,97.0,2.3,6.5,10.0,11
Least_developed,61.0,288.0,17,7.11,9.165614959,97.0,5,17.7,25,93.0,7.2,97.0,2.8,6.6,10.2,10
Least_developed,68.0,282.0,18,6.39,0.661540371,97.0,6,17.1,28,97.0,7.66,97.0,3.7,6.7,10.4,9
Least_developed,59.6,295.0,20,6.78,7.409771602999999,97.0,26,16.5,30,98.0,8.49,97.0,5.0,6.8,10.1,8
Least_developed,57.6,328.0,22,6.88,78.47020226,99.0,494,15.9,34,99.0,1.2,99.0,6.2,6.8,9.3,7
Least_developed,55.3,37.0,24,7.01,39.44666715,95.0,129,15.4,38,95.0,6.83,95.0,7.1,6.8,8.8,6
Least_developed,53.4,397.0,26,6.75,31.93566186,89.0,386,14.9,42,89.0,6.24,89.0,7.7,6.9,8.2,5
Least_developed,52.0,48.0,29,6.66,33.30286123,96.0,1064,14.5,46,96.0,6.34,96.0,8.1,7.0,7.6,4
Least_developed,57.0,415.0,31,7.82,1.9659778,88.0,2738,14.1,50,85.0,4.18,88.0,8.0,7.2,7.2,3
Least_developed,48.6,438.0,33,5.72,0.38825377200000005,96.0,896,13.7,54,76.0,4.38,77.0,8.1,7.4,7.1,2
Least_developed,48.3,426.0,34,7.13,18.41791804,96.0,2095,13.2,57,9.0,4.22,9.0,8.5,7.6,6.6,1
Least_developed,66.7,188.0,19,0.30933333333333335,0.0,89.0,58,24.3,26,85.0,4.938,89.0,0.3,9.5,9.5,16
Least_developed,66.4,192.0,19,0.26,12.80528533,89.0,32,23.8,27,85.0,4.66,89.0,0.3,9.7,9.1,15
Least_developed,66.0,196.0,20,0.26,11.8385319,92.0,17,23.2,28,89.0,4.51,92.0,0.3,9.9,8.7,14
Least_developed,65.6,2.0,20,0.28,10.20659464,91.0,46,22.7,29,83.0,4.31,91.0,0.4,1.0,8.3,13
Least_developed,64.9,26.0,20,0.32,1.4310516640000002,92.0,18,22.2,31,89.0,4.42,92.0,0.4,1.2,7.9,12
Least_developed,64.3,212.0,21,0.28,1.020071763,89.0,428,21.7,32,76.0,4.62,89.0,0.4,1.4,7.7,11
Least_developed,63.5,219.0,21,0.3,1.177477677,86.0,999,21.2,33,83.0,4.81,86.0,0.5,1.6,7.5,10
Least_developed,62.8,225.0,22,0.28,1.08833088,88.0,6,2.8,34,87.0,4.94,88.0,0.6,1.8,7.1,9
Least_developed,62.1,23.0,22,0.32,8.309152927000001,94.0,11,2.3,36,93.0,4.72,94.0,0.7,11.0,6.8,8
Least_developed,61.3,236.0,23,0.34,10.43022617,89.0,3,19.9,38,89.0,5.44,89.0,0.7,11.2,6.6,7
Least_developed,65.0,242.0,23,0.33,96.03725103,84.0,0,19.5,40,84.0,5.35,84.0,0.7,11.4,6.4,6
Least_developed,59.7,247.0,24,0.35,66.02236299,54.0,31,19.1,42,87.0,5.68,87.0,0.7,11.6,6.2,5
Least_developed,59.0,251.0,25,0.33,62.21977893,86.41666666666667,1519,18.7,44,73.0,5.4,73.0,0.7,11.8,5.9,4
Least_developed,58.4,252.0,25,0.36,49.73511396,86.41666666666667,18184,18.3,47,6.0,5.6,6.0,0.7,12.0,5.7,3
Least_developed,57.9,251.0,26,0.34,6.064221202000001,86.41666666666667,24789,17.9,49,49.0,4.98,52.0,0.6,12.1,5.4,2
Least_developed,57.5,25.0,27,0.29,5.397368532000001,86.41666666666669,5839,17.5,50,49.0,4.63,52.0,0.5,12.3,5.2,1
Least_developed,55.0,312.0,50,0.01,0.0,42.0,7497,24.3,80,47.0,5.412087962962956,42.0,0.7,6.6,8.517708333333331,16
Least_developed,54.3,321.0,51,0.01,0.0,42.0,10229,23.8,80,47.0,5.412087962962956,42.0,0.8,6.7,8.517708333333331,15
Least_developed,54.2,318.0,51,0.01,0.0,42.0,3173,23.3,81,47.0,5.412087962962956,42.0,0.8,6.8,8.517708333333331,14
Least_developed,53.1,336.0,51,0.01,0.0,42.0,9983,22.9,82,47.0,5.412087962962956,42.0,0.8,6.8,8.517708333333331,13
Least_developed,53.1,329.0,51,0.01,0.0,42.0,17298,22.4,82,49.0,5.412087962962956,41.0,0.8,6.9,8.517708333333331,12
Least_developed,52.4,336.0,52,0.01,0.0,42.0,115,22.0,83,49.0,5.412087962962956,45.0,0.8,7.0,8.517708333333331,11
Least_developed,52.2,335.0,52,0.01,0.0,42.0,13,21.5,84,41.0,5.412087962962956,42.0,0.8,7.1,8.517708333333331,10
Least_developed,51.9,336.0,52,0.01,0.0,42.0,1081,21.1,84,4.0,5.412087962962956,31.0,0.9,7.2,8.517708333333331,9
Least_developed,51.5,34.0,52,0.01,0.0,42.0,1149,2.7,84,4.0,5.412087962962956,4.0,0.9,7.3,8.517708333333331,8
Least_developed,51.5,337.0,51,0.01,0.0,42.0,7,2.2,83,26.0,5.412087962962956,26.0,0.9,7.4,8.517708333333331,7
Least_developed,51.6,334.0,50,0.01,0.0,42.0,0,19.8,82,35.0,5.412087962962956,35.0,0.9,7.5,8.517708333333331,6
Least_developed,51.2,341.0,49,0.01,0.0,42.0,12008,19.4,80,3.0,5.412087962962956,3.0,0.9,7.6,8.517708333333331,5
Least_developed,51.1,344.0,48,0.01,0.0,42.0,8257,19.0,78,4.0,5.412087962962956,4.0,0.9,7.7,8.517708333333331,4
Least_developed,58.0,348.0,47,0.01,0.0,42.0,9559,18.6,77,4.0,5.412087962962956,4.0,0.9,7.8,8.517708333333331,3
Least_developed,57.0,352.0,46,0.01,0.0,42.0,3571,18.2,75,33.0,5.412087962962956,33.0,0.8,7.9,8.517708333333331,2
Least_developed,55.0,355.0,45,0.01,0.0,42.0,3965,17.8,74,37.0,5.412087962962956,33.0,0.8,8.0,8.517708333333331,1
Least_developed,64.1,225.0,58,1.458,0.0,93.0,3585,20.937673611111105,85,93.0,5.695333333333335,93.0,0.3,8.26649305555555,7.2,16
Least_developed,63.8,229.0,59,0.01,253.6086508,94.0,676,20.937673611111105,86,94.0,8.43,94.0,0.3,8.26649305555555,7.2,15
Least_developed,63.5,232.0,60,0.01,227.8353208,93.0,2813,20.937673611111105,88,93.0,8.42,93.0,0.3,8.26649305555555,7.0,14
Least_developed,63.2,235.0,61,0.01,220.522192,92.0,8523,20.937673611111105,89,92.0,8.2,92.0,0.3,8.26649305555555,6.8,13
Least_developed,62.7,241.0,61,2.12,196.68921530000003,93.0,5616,20.937673611111105,91,93.0,8.3,93.0,0.3,8.26649305555555,7.0,12
Least_developed,62.5,243.0,62,1.77,172.00978840000002,75.0,680,20.937673611111105,92,9.0,7.97,9.0,0.3,8.26649305555555,7.0,11
Least_developed,62.0,248.0,63,1.99,17.053692899999998,72.0,68,20.937673611111105,94,81.0,8.4,81.0,0.3,8.26649305555555,6.8,10
Least_developed,61.8,251.0,64,2.01,128.6362711,78.0,129,20.937673611111105,95,85.0,8.17,86.0,0.3,8.26649305555555,6.3,9
Least_developed,61.4,254.0,65,2.01,86.13166944,78.0,327,20.937673611111105,97,84.0,4.72,84.0,0.3,8.26649305555555,6.4,8
Least_developed,61.0,26.0,66,1.9,60.3368571,6.0,228,20.937673611111105,99,77.0,3.93,78.0,0.2,8.26649305555555,6.2,7
Least_developed,67.0,261.0,66,1.55,37.59039592,22.0,1374,20.937673611111105,101,78.0,3.18,78.0,0.2,8.26649305555555,6.1,6
Least_developed,59.7,278.0,68,1.59,37.04479956,72.36363636363636,9562,20.937673611111105,102,74.0,3.39,74.0,0.2,8.26649305555555,5.7,5
Least_developed,59.6,278.0,69,1.74,35.35264737,72.36363636363636,4381,20.937673611111105,104,69.0,3.18,69.0,0.2,8.26649305555555,5.6,4
Least_developed,59.4,277.0,70,1.59,30.62287548,72.36363636363636,4529,20.937673611111105,106,6.0,2.95,6.0,0.2,8.26649305555555,5.6,3
Least_developed,58.9,283.0,71,1.81,28.88069657,72.36363636363636,4362,20.937673611111105,108,66.0,2.96,66.0,0.2,8.26649305555555,5.6,2
Least_developed,58.6,284.0,71,1.76,30.86000992,72.36363636363636,2875,20.937673611111105,109,62.0,3.23,62.0,0.1,8.26649305555555,5.5,1
Least_developed,59.9,287.0,13,0.9473333333333332,0.0,88.0,20,24.3,20,88.0,5.243333333333334,88.0,1.0,6.5,12.0,16
Least_developed,59.7,285.0,13,0.01,4.877350139,87.0,577,23.7,20,85.0,5.25,87.0,1.0,6.6,12.0,15
Least_developed,59.4,287.0,14,0.01,48.73047089,84.0,564,23.1,20,84.0,5.12,84.0,1.5,6.8,12.0,14
Least_developed,58.9,294.0,14,0.01,41.60027954,84.0,238,22.6,21,84.0,5.11,84.0,1.7,7.0,12.0,13
Least_developed,58.3,34.0,14,1.44,39.08258546,85.0,187,22.0,21,85.0,5.21,85.0,2.6,7.1,11.5,12
Least_developed,57.4,323.0,14,1.21,41.96145465,83.0,120,21.4,21,83.0,5.37,83.0,3.8,7.3,11.0,11
Least_developed,56.7,336.0,14,1.24,77.09551224,78.0,425,2.9,22,78.0,6.64,78.0,4.3,7.5,10.6,10
Least_developed,56.2,344.0,14,1.33,69.35924758,24.0,187,2.4,22,8.0,5.73,81.0,4.8,7.7,10.1,9
Least_developed,55.9,344.0,14,1.37,0.6756829390000001,76.625,8,19.8,22,72.0,5.55,82.0,5.1,7.9,10.6,8
Least_developed,55.7,345.0,15,1.37,6.226048785,76.625,26,19.3,22,85.0,5.56,84.0,5.0,8.1,10.2,7
Least_developed,55.0,357.0,15,1.14,36.62174288,76.625,38,18.9,22,8.0,5.17,82.0,5.0,8.4,10.1,6
Least_developed,54.9,355.0,15,1.01,3.989928468,76.625,61,18.4,22,71.0,5.6,71.0,5.1,8.6,10.0,5
Least_developed,54.7,355.0,15,1.02,2.995959823,76.625,295,17.9,22,72.0,5.0,72.0,5.2,8.8,9.9,4
Least_developed,54.7,351.0,15,1.0,1.995182912,76.625,363,17.5,22,58.0,4.7,59.0,5.3,9.0,9.7,3
Least_developed,54.6,345.0,14,0.95,2.0485748740000003,76.625,1833,17.1,22,51.0,4.29,5.0,5.3,9.2,9.4,2
Least_developed,54.6,339.0,14,1.1,2.02964427,76.625,3578,16.6,22,63.0,4.35,64.0,5.1,9.4,9.3,1
Least_developed,62.3,291.0,66,8.050666666666666,0.0,78.0,478,18.5,93,82.0,8.542000000000002,78.0,3.1,5.6,10.0,16
Least_developed,61.5,38.0,68,0.01,14.16770158,78.0,314,18.1,97,82.0,7.22,78.0,3.2,5.7,10.0,15
Least_developed,67.0,325.0,71,0.01,90.76144414,78.0,7878,17.6,103,82.0,7.47,78.0,4.0,5.7,10.0,14
Least_developed,60.0,339.0,73,0.01,92.88697859,78.0,2027,17.2,109,82.0,7.58,78.0,4.6,5.8,10.0,13
Least_developed,59.3,347.0,76,10.22,94.49686776,82.0,3312,16.7,114,82.0,9.9,82.0,6.8,5.9,10.7,12
Least_developed,58.4,362.0,79,10.03,116.202964,8.0,1313,16.3,119,79.0,11.2,8.0,8.0,6.0,10.9,11
Least_developed,57.5,378.0,82,9.63,87.04534954,79.0,1601,15.9,124,78.0,8.43,79.0,8.1,6.1,10.8,10
Least_developed,56.3,41.0,84,9.79,72.85023656,71.0,1319,15.6,130,69.0,9.1,71.0,8.2,6.2,10.6,9
Least_developed,55.5,41.0,88,9.65,6.002527685,73.0,3776,15.2,137,7.0,9.76,73.0,8.4,6.3,10.3,8
Least_developed,54.9,41.0,93,9.81,50.83901418,64.0,5736,14.8,145,62.0,9.86,64.0,8.6,6.4,10.6,7
Least_developed,53.2,446.0,99,10.09,44.52614001,64.0,22,14.5,155,59.0,9.36,64.0,8.7,6.5,10.9,6
Least_developed,51.3,485.0,104,9.89,36.60609252,62.0,141,14.2,164,58.0,8.9,62.0,8.9,6.6,11.6,5
Least_developed,51.0,53.0,109,10.16,4.426792406000001,44.0,29429,13.9,173,57.0,7.54,59.0,9.4,6.7,11.5,4
Least_developed,48.8,523.0,112,10.42,2.690897842,29.0,49871,13.6,181,57.0,7.78,57.0,10.0,6.8,11.0,3
Least_developed,47.7,539.0,115,10.57,26.97625217,63.42857142857143,48543,13.3,187,56.0,7.26,55.0,10.8,6.9,10.8,2
Least_developed,46.6,554.0,116,10.47,22.59447461,63.42857142857143,42554,13.0,191,55.0,6.77,52.0,11.6,7.0,9.8,1
Least_developed,72.0,13.0,0,0.8066666666666665,0.0,64.0,39,53.3,0,65.0,3.9286666666666665,64.0,0.1,1.5,10.8,16
Least_developed,71.7,134.0,0,0.01,564.8167043,64.0,10,52.5,0,65.0,5.2,64.0,0.1,1.5,10.8,15
Least_developed,71.6,135.0,0,0.01,447.54564500000004,64.0,0,51.7,0,65.0,3.92,64.0,0.1,1.5,10.8,14
Least_developed,71.4,138.0,0,0.01,427.98852220000003,64.0,0,5.8,0,65.0,3.7,64.0,0.1,1.5,10.8,13
Least_developed,71.2,141.0,0,0.85,457.97317419999996,63.0,0,49.9,0,65.0,3.85,65.0,0.1,1.5,10.8,12
Least_developed,71.0,145.0,0,0.91,471.8626525,62.0,0,49.1,0,66.0,4.71,65.0,0.1,1.5,10.8,11
Least_developed,78.0,149.0,0,0.83,361.09409839999995,62.0,0,48.2,0,66.0,3.9,66.0,0.1,1.5,10.7,10
Least_developed,75.0,153.0,0,1.18,345.339056,61.0,0,47.4,0,66.0,3.66,67.0,0.1,1.5,10.7,9
Least_developed,73.0,157.0,0,1.01,342.49085560000003,6.0,0,46.6,0,67.0,3.67,67.0,0.1,1.6,10.7,8
Least_developed,71.0,161.0,0,1.0,43.19780767,59.0,0,45.7,0,67.0,3.96,68.0,0.1,1.6,10.6,7
Least_developed,69.9,165.0,0,0.88,337.2942846,61.0,3,44.9,0,67.0,3.87,68.0,0.1,1.6,10.6,6
Least_developed,69.6,169.0,0,0.85,334.1673373,63.0,0,44.1,0,67.0,4.12,69.0,0.1,1.6,10.7,5
Least_developed,69.4,173.0,0,1.2,27.29839073,64.0,165,43.3,0,67.0,4.2,69.0,0.1,1.6,10.4,4
Least_developed,69.3,176.0,0,1.24,171.1373611,66.0,101,42.6,0,67.0,3.52,7.0,0.1,1.7,10.2,3
Least_developed,69.1,179.0,0,0.91,163.105292,68.0,7,41.9,0,67.0,3.37,7.0,0.1,1.7,10.1,2
Least_developed,69.0,18.0,0,1.21,21.90075232,7.0,9,41.1,0,67.0,3.28,71.0,0.1,1.7,9.6,1
Least_developed,65.7,224.0,37,0.04733333333333333,0.0,69.0,468,41.3,47,63.0,5.005333333333334,69.0,0.1,13.6,9.0,16
Least_developed,65.4,228.0,37,0.01,0.0,73.0,815,4.4,47,67.0,5.64,73.0,0.1,13.7,9.0,15
Least_developed,65.4,226.0,36,0.04,0.0,73.0,400,39.6,46,67.0,5.78,73.0,0.1,13.7,9.0,14
Least_developed,64.7,236.0,36,0.04,0.0,67.0,2177,38.7,46,68.0,5.73,67.0,0.1,13.7,9.0,13
Least_developed,64.6,234.0,35,0.04,0.0,69.0,2676,37.9,45,69.0,5.4,69.0,0.1,13.7,8.6,12
Least_developed,64.4,233.0,35,0.06,0.0,76.0,510,37.2,45,77.0,5.17,76.0,0.1,13.7,8.5,11
Least_developed,64.1,235.0,36,0.03,0.0,76.0,130,36.4,46,76.0,5.32,76.0,0.1,13.8,8.4,10
Least_developed,63.8,238.0,37,0.04,0.0,78.0,7,35.7,47,78.0,5.12,78.0,0.1,13.8,8.5,9
Least_developed,63.4,24.0,38,0.05,0.0,79.0,13,35.1,49,79.0,4.92,79.0,0.1,13.8,8.6,8
Least_developed,63.0,242.0,39,0.04,0.0,78.0,8079,34.5,51,78.0,4.82,78.0,0.1,13.9,8.7,7
Least_developed,62.6,245.0,40,0.04,0.0,8.0,6285,33.9,53,8.0,4.58,79.0,0.1,13.9,8.6,6
Least_developed,62.2,247.0,42,0.06,0.0,43.0,12708,33.3,56,72.0,4.9,72.0,0.1,13.9,8.4,5
Least_developed,61.9,249.0,43,0.04,0.0,38.0,8536,32.7,58,61.0,5.0,61.0,0.1,14.0,8.2,4
Least_developed,61.5,25.0,45,0.07,0.0,31.0,890,32.2,61,64.0,4.22,65.0,0.1,14.0,8.0,3
Least_developed,61.1,251.0,46,0.08,0.0,19.0,485,31.7,63,73.0,4.34,73.0,0.1,14.0,7.9,2
Least_developed,68.0,252.0,48,0.07,0.0,14.0,0,31.2,66,74.0,4.14,74.0,0.1,14.1,7.7,1
Least_developed,61.8,33.0,27,2.2393333333333336,0.0,9.0,9,23.4,40,9.0,5.823999999999999,9.0,4.1,6.3,12.5,16
Least_developed,61.1,314.0,28,0.01,196.6675768,86.0,9,22.8,41,78.0,4.99,86.0,4.3,6.3,12.5,15
Least_developed,63.0,328.0,29,2.41,20.62306285,79.0,35,22.3,42,74.0,4.99,79.0,4.8,6.4,12.5,14
Least_developed,59.2,349.0,29,2.59,196.9152496,78.0,896,21.7,43,7.0,4.91,78.0,5.6,6.5,12.3,13
Least_developed,58.2,366.0,29,2.57,183.04616950000002,81.0,13234,21.2,44,83.0,4.26,81.0,6.3,6.6,12.0,12
Least_developed,58.0,363.0,30,2.47,184.3649102,83.0,15754,2.7,45,8.0,4.41,83.0,6.8,6.7,11.8,11
Least_developed,57.4,368.0,30,2.3,143.86988730000002,94.0,26,2.2,47,93.0,4.73,94.0,9.1,6.7,11.6,10
Least_developed,55.7,45.0,31,2.12,153.6783754,87.0,140,19.7,49,9.0,4.87,87.0,11.9,6.8,11.4,9
Least_developed,52.6,487.0,32,2.08,10.85148218,8.0,535,19.2,51,77.0,4.37,8.0,13.6,6.9,11.1,8
Least_developed,58.0,526.0,33,2.25,1.8600037390000002,81.0,459,18.8,52,83.0,6.11,81.0,15.9,7.0,10.9,7
Least_developed,49.3,554.0,34,2.33,121.87933100000001,82.0,45,18.4,55,84.0,7.56,82.0,17.0,7.1,10.7,6
Least_developed,47.9,578.0,36,2.46,8.369851529,69.81818181818181,35,18.0,59,84.0,7.33,83.0,17.6,7.2,10.5,5
Least_developed,46.4,64.0,39,2.33,65.78997404,69.81818181818181,881,17.6,62,85.0,8.18,83.0,18.2,7.3,10.2,4
Least_developed,45.5,69.0,41,2.44,54.04348047,69.81818181818181,25036,17.3,66,85.0,6.93,84.0,18.4,7.4,10.0,3
Least_developed,44.6,611.0,43,2.61,46.83027463,69.8181818181818,16997,17.1,70,86.0,6.56,85.0,18.6,7.4,9.8,2
Least_developed,43.8,614.0,44,2.62,45.61688038,69.8181818181818,30930,16.8,72,85.0,7.16,85.0,18.7,7.5,9.6,1
